compound_name	molecular_weight	pka_values	charge_states	ion_charges	solubility_g_per_L	activity_coefficient	description
(-)-quinic acid	100.0		0		100.0	1.0	Processed from IUPAC sources
(DL)-alpha-Lipoic acid	206.3	4.75	-1,0,1		14.1254	1.0	PubChem CID:864 - 5-(dithiolan-3-yl)pentanoic acid
(NH4) citrate	192.12		-1,0,1		707.9458	1.0	PubChem CID:311 - 2-hydroxypropane-1,2,3-tricarboxylic acid
(NH4)2 citrate	192.12		-1,0,1		707.9458	1.0	PubChem CID:311 - 2-hydroxypropane-1,2,3-tricarboxylic acid
(NH4)2Ni(SO4)2	395.0		-1,0,1	Ni2+:2	100.0	0.8	PubChem CID:62669 - azane;hydrogen sulfate;nickel(2+);hexahydrate
(NH4)2Ni(SO4)2 x 6 H2O	732.4		0		100.0	1.0	PubChem CID:168338376 - dioxidanium;oxidooxycyclohexane;oxygen(2-);pyridin...
(NH4)3 citrate	192.12		-1,0,1		707.9458	1.0	PubChem CID:311 - 2-hydroxypropane-1,2,3-tricarboxylic acid
(NH4)6Mo7O24 x 4 H2O	1163.9		-1,0,1		100.0	1.0	PubChem CID:129630846 - hexaazanium;1,3,5,7,9,11-hexaoxido-2,4,6,8,10,12,1...
(NH4)Cl	53.49		-1,0,1	Cl-:-1	100.0	0.9	PubChem CID:25517 - azanium;chloride
(NH4)H2PO4	115.03		-1,0,1		100.0	1.0	PubChem CID:24402 - azanium;dihydrogen phosphate
(NH4)HCO3	61.02		-2,-1,0		56.2341	1.0	PubChem CID:769 - hydrogen carbonate
(nh4)2hpo4	100.0		0		100.0	1.0	Processed from IUPAC sources
(nh4)2moo4	100.0		0		100.0	1.0	Processed from IUPAC sources
(nh4)2so4	100.0		0		100.0	1.0	Processed from IUPAC sources
(nh4)6mo7o24	100.0		0		100.0	1.0	Processed from IUPAC sources
1,4-naphthoquinone	100.0		0		100.0	1.0	Processed from IUPAC sources
2,2,4,4,6,8,8-heptamethylnonane	100.0		0		100.0	1.0	Processed from IUPAC sources
2,3-butanediol	100.0		0		100.0	1.0	Processed from IUPAC sources
2,4-dihydroxybenzoic acid	100.0		0		100.0	1.0	Processed from IUPAC sources
2-(n-morpholino)ethanesulfonic acid	100.0		0		100.0	1.0	Processed from IUPAC sources
2-chloro-4(ethylamino)-6-(isopropylamino)-1,3,5-triazine	162.15	10.80	-1,0,1		100.0	1.0	PubChem CID:19981517 - 1,3,5-triazine
2-chlorobenzoic acid	100.0		0		100.0	1.0	Processed from IUPAC sources
2-furoic acid	100.0		0		100.0	1.0	Processed from IUPAC sources
2-mercaptoethanesulfonate	100.0		0		100.0	1.0	Processed from IUPAC sources
2-mercaptoethanesulfonic acid	100.0		0		100.0	1.0	Processed from IUPAC sources
2-mercaptoethanol	100.0		0		100.0	1.0	Processed from IUPAC sources
2-methylbutyric acid	100.0		0		100.0	1.0	Processed from IUPAC sources
2-nitrophenol	100.0		0		100.0	1.0	Processed from IUPAC sources
2-sulfobenzoic acid	100.0		0		100.0	1.0	Processed from IUPAC sources
3,4,5-trimethoxycinnamic acid	100.0		0		100.0	1.0	Processed from IUPAC sources
3-aminophenol	100.0	2.30,9.60	1,0,-1,-2		200.0	1.0	Processed from IUPAC sources
3-chloroacrylic acid	100.0		0		100.0	1.0	Processed from IUPAC sources
3-hydroxybenzoic acid	100.0		0		100.0	1.0	Processed from IUPAC sources
3-methylbutyric acid	100.0		0		100.0	1.0	Processed from IUPAC sources
4-aminobenzoate	100.0	2.30,9.60	1,0,-1,-2		200.0	1.0	Processed from IUPAC sources
4-aminobenzoic acid	100.0	2.30,9.60	1,0,-1,-2		200.0	1.0	Processed from IUPAC sources
4-hydroxybenzoic acid	100.0		0		100.0	1.0	Processed from IUPAC sources
5-aminovaleric acid	100.0	2.30,9.60	1,0,-1,-2		200.0	1.0	Processed from IUPAC sources
6-methylnicotinate	100.0		0		100.0	1.0	Processed from IUPAC sources
AlCl3 x 6 H2O	133.34		-1,0,1	Cl-:-1	100.0	0.9	PubChem CID:24012 - trichloroalumane
AlK(SO4)2 x 12 H2O	258.21		-1,0,1	K+:1	100.0	0.9	PubChem CID:24856 - aluminum;potassium;disulfate
Aminoacids	495.7	4.75,10.80	-2,-1,0,1,2		0.0282	1.0	PubChem CID:133043 - 1-[(2R,3S,4S,5R)-3,4-dihydroxy-5-(hydroxymethyl)ox...
Artificial Sea Salt	58.44		-1,0,1	Na+:1,Cl-:-1	200.0	0.9	PubChem CID:5234 - sodium;chloride
Asialofetuin	1138.7		-1,0,1		0.001	1.0	PubChem CID:167312532 - [30-[[3-hydroxy-1-[3,4,5-trihydroxy-6-(hydroxymeth...
BaCl2 x 2 H2O	208.23		-1,0,1	Cl-:-1	100.0	0.9	PubChem CID:25204 - barium(2+);dichloride
Bacto Soytone	923.0		-1,0,1		0.3981	1.0	PubChem CID:4407643 - bis(2,5,8,11,18,21,24,27-octaoxatricyclo[26.4.0.01...
Bacto Tryptone	923.0		-1,0,1		0.3981	1.0	PubChem CID:4407643 - bis(2,5,8,11,18,21,24,27-octaoxatricyclo[26.4.0.01...
Betaine x H2O	117.15		-1,0,1		56.2341	1.0	PubChem CID:247 - 2-(trimethylazaniumyl)acetate
Biotine	244.31		-1,0,1		70.7946	1.0	PubChem CID:171548 - 5-[(3aS,4S,6aR)-2-oxo-1,3,3a,4,6,6a-hexahydrothien...
Bovine albumin	636.9		-1,0,1		100.0	1.0	PubChem CID:66443 - (8R,9S,13S,14S,17R)-17-ethynyl-13-methyl-7,8,9,11,...
Bovine serum	188.02		-1,0,1		2.8184	1.0	PubChem CID:6432 - 1,1,1,2,2,3,3,3-octafluoropropane
Bovine serum albumin	188.02		-1,0,1		2.8184	1.0	PubChem CID:6432 - 1,1,1,2,2,3,3,3-octafluoropropane
Ca(NO3)2 x 4 H2O	164.09		-1,0,1	Ca2+:2	100.0	0.8	PubChem CID:24963 - calcium;dinitrate
CaCl2 x 2 H2O	110.98		-1,0,1	Ca2+:2,Cl-:-1	200.0	0.8	PubChem CID:5284359 - calcium;dichloride
CaCl2 x 6 H2O	110.98		-1,0,1	Ca2+:2,Cl-:-1	200.0	0.8	PubChem CID:5284359 - calcium;dichloride
CaCl2 x 7 H2O	110.98		-1,0,1	Ca2+:2,Cl-:-1	200.0	0.8	PubChem CID:5284359 - calcium;dichloride
CaCl2 x H2O	110.98		-1,0,1	Ca2+:2,Cl-:-1	200.0	0.8	PubChem CID:5284359 - calcium;dichloride
CaSO4 x 2 H2O	136.14		-1,0,1	Ca2+:2	100.0	0.8	PubChem CID:24497 - calcium;sulfate
Carboxymethylcellulose	46.02		-1,0,1		125.8925	1.0	PubChem CID:284 - formic acid
Casamino acids	223.22	4.75,10.80	-2,-1,0,1,2		70.7946	1.0	PubChem CID:23210 - 2-[2-(dimethylcarbamoyl)phenoxy]acetic acid
Casein	142.2		-1,0,1		199.5262	1.0	PubChem CID:598 - 2-sulfanylethanesulfonic acid
Casein hydrolysate	46.07		-1,0,1		112.2018	1.0	PubChem CID:702 - ethanol
Casitone	923.0		-1,0,1		0.3981	1.0	PubChem CID:4407643 - bis(2,5,8,11,18,21,24,27-octaoxatricyclo[26.4.0.01...
Catalase	166.17		-1,0,1		5.6234	1.0	PubChem CID:8434 - ethyl 4-hydroxybenzoate
Cd(NO3)2 x 4 H2O	236.42		-1,0,1		100.0	1.0	PubChem CID:25154 - cadmium(2+);dinitrate
Cellulose	342.3		-1,0,1		2000.0	1.0	PubChem CID:294 - 2-(hydroxymethyl)-6-[4,5,6-trihydroxy-2-(hydroxyme...
Charcoal-filtered, natural seawater	18.02		-1,0,1		177.8279	1.0	PubChem CID:962 - oxidane
Chitin	221.21		-1,0,1		707.9458	1.0	PubChem CID:899 - N-[2,4,5-trihydroxy-6-(hydroxymethyl)oxan-3-yl]ace...
Citric acid x H2O	192.12	4.75	-1,0,1		707.9458	1.0	PubChem CID:311 - 2-hydroxypropane-1,2,3-tricarboxylic acid
Co(NO3)2 x 6 H2O	182.94		-1,0,1	Co2+:2	100.0	0.8	PubChem CID:25000 - cobalt(2+);dinitrate
CoCl2 x 2 H2O	129.84		-1,0,1	Cl-:-1	200.0	0.9	PubChem CID:3032536 - cobalt(2+);dichloride
CoCl2 x 4 H2O	129.84		-1,0,1	Cl-:-1	200.0	0.9	PubChem CID:3032536 - cobalt(2+);dichloride
CoCl2 x 6 H2O	129.84		-1,0,1	Cl-:-1	200.0	0.9	PubChem CID:3032536 - cobalt(2+);dichloride
CoSO4 x 7 H2O	155.0		-1,0,1	Co2+:2	100.0	0.8	PubChem CID:24965 - cobalt(2+);sulfate
Cobalamine	923.9	10.80	-1,0,1	Br-:-1	2.8184	0.9	PubChem CID:195100 - methyl 2-[[2-[[(2S)-2-[[2-[[2-[[2-[[2-[[2-[(4-brom...
Cr(NO3)3 x 7 H2O	238.01		-1,0,1		100.0	1.0	PubChem CID:24598 - chromium(3+);trinitrate
Cresol	124.14		-1,0,1		79.4328	1.0	PubChem CID:125 - 4-(hydroxymethyl)phenol
CuCl	99.0		-1,0,1	Cl-:-1	200.0	0.9	PubChem CID:62652 - chlorocopper
CuCl2 x 2 H2O	134.45		-1,0,1	Cl-:-1	200.0	0.9	PubChem CID:24014 - dichlorocopper
CuCl2 x 5 H2O	134.45		-1,0,1	Cl-:-1	200.0	0.9	PubChem CID:24014 - dichlorocopper
CuCl2 x 6 H2O	134.45		-1,0,1	Cl-:-1	200.0	0.9	PubChem CID:24014 - dichlorocopper
CuCl2 x H2O	134.45		-1,0,1	Cl-:-1	200.0	0.9	PubChem CID:24014 - dichlorocopper
CuSO4 x 2 H2O	159.61		-1,0,1	Cu2+:2	100.0	0.8	PubChem CID:24462 - copper;sulfate
CuSO4 x 5 H2O	159.61		-1,0,1	Cu2+:2	100.0	0.8	PubChem CID:24462 - copper;sulfate
CuSO4 x 6 H2O	159.61		-1,0,1	Cu2+:2	100.0	0.8	PubChem CID:24462 - copper;sulfate
CuSO4 x H2O	159.61		-1,0,1	Cu2+:2	100.0	0.8	PubChem CID:24462 - copper;sulfate
Cystein-HCl x 2 H2O	121.16		-1,0,1		1778.2794	1.0	PubChem CID:5862 - (2R)-2-amino-3-sulfanylpropanoic acid
D(+)-Glucose	180.16		-1,0,1		1995.2623	1.0	PubChem CID:5793 - (3R,4S,5S,6R)-6-(hydroxymethyl)oxane-2,3,4,5-tetro...
D(+)-Trehalose	342.3		-1,0,1		2000.0	1.0	PubChem CID:1143 - 2-(hydroxymethyl)-6-[3,4,5-trihydroxy-6-(hydroxyme...
D-(+)-biotin	244.31		-1,0,1		70.7946	1.0	PubChem CID:171548 - 5-[(3aS,4S,6aR)-2-oxo-1,3,3a,4,6,6a-hexahydrothien...
D-Arabinose	150.13		-1,0,1		1412.5375	1.0	PubChem CID:66308 - (2S,3R,4R)-2,3,4,5-tetrahydroxypentanal
D-Biotin	244.31		-1,0,1		70.7946	1.0	PubChem CID:171548 - 5-[(3aS,4S,6aR)-2-oxo-1,3,3a,4,6,6a-hexahydrothien...
D-Calcium pantothenate	476.5		-1,0,1	Ca2+:2	100.0	0.8	PubChem CID:443753 - calcium;3-[[(2R)-2,4-dihydroxy-3,3-dimethylbutanoy...
D-Fructose	180.16		-1,0,1		2000.0	1.0	PubChem CID:2723872 - (3S,4R,5R)-2-(hydroxymethyl)oxane-2,3,4,5-tetrol
D-Galactose	180.16		-1,0,1		1995.2623	1.0	PubChem CID:6036 - (3R,4S,5R,6R)-6-(hydroxymethyl)oxane-2,3,4,5-tetro...
D-Glucose	180.16		-1,0,1		1995.2623	1.0	PubChem CID:5793 - (3R,4S,5S,6R)-6-(hydroxymethyl)oxane-2,3,4,5-tetro...
D-Maltose	342.3		-1,0,1		2000.0	1.0	PubChem CID:10991489 - (2R,3S,4S,5R,6R)-2-(hydroxymethyl)-6-[(2R,3S,4R,5S...
D-Mannitol	182.17		-1,0,1		2000.0	1.0	PubChem CID:6251 - (2R,3R,4R,5R)-hexane-1,2,3,4,5,6-hexol
D-Mannose	180.16		-1,0,1		1995.2623	1.0	PubChem CID:18950 - (3S,4S,5S,6R)-6-(hydroxymethyl)oxane-2,3,4,5-tetro...
D-Sorbitol	182.17		-1,0,1		2000.0	1.0	PubChem CID:5780 - (2R,3R,4R,5S)-hexane-1,2,3,4,5,6-hexol
D-Sucrose	342.3		-1,0,1		2000.0	1.0	PubChem CID:5988 - (2R,3R,4S,5S,6R)-2-[(2S,3S,4S,5R)-3,4-dihydroxy-2,...
D-Trehalose	342.3		-1,0,1		2000.0	1.0	PubChem CID:7427 - (2R,3S,4S,5R,6R)-2-(hydroxymethyl)-6-[(2R,3R,4S,5S...
D-Xylose	150.13		-1,0,1		1778.2794	1.0	PubChem CID:135191 - (3R,4S,5R)-oxane-2,3,4,5-tetrol
D-galacturonic acid	194.14	4.75	-1,0,1		1412.5375	1.0	PubChem CID:439215 - (2S,3R,4S,5R)-3,4,5,6-tetrahydroxyoxane-2-carboxyl...
D-glucuronic acid	194.14	4.75	-1,0,1		1412.5375	1.0	PubChem CID:94715 - (2S,3S,4S,5R)-3,4,5,6-tetrahydroxyoxane-2-carboxyl...
DL-Asparagine x H2O	132.12		-1,0,1		2000.0	1.0	PubChem CID:236 - 2,4-diamino-4-oxobutanoic acid
DL-Na-lactate	89.07		-2,-1,0		79.4328	1.0	PubChem CID:91435 - 2-hydroxypropanoate
DL-Na-malate	134.09		-1,0,1		446.6836	1.0	PubChem CID:525 - 2-hydroxybutanedioic acid
Defibrinated Blood	251.39		-1,0,1		1.122	1.0	PubChem CID:62020 - S-benzyl N,N-dipropylcarbamothioate
Defibrinated sheep blood	251.39		-1,0,1		1.122	1.0	PubChem CID:62020 - S-benzyl N,N-dipropylcarbamothioate
Deionized water	18.02		-1,0,1		177.8279	1.0	PubChem CID:962 - oxidane
Demineralized water	18.02		-1,0,1		177.8279	1.0	PubChem CID:962 - oxidane
Dextran	543.5		-1,0,1		22.3872	1.0	PubChem CID:1691 - 7-(4-amino-5-hydroxy-6-methyloxan-2-yl)oxy-6,9,11-...
Dextrose	180.16		-1,0,1		1995.2623	1.0	PubChem CID:5793 - (3R,4S,5S,6R)-6-(hydroxymethyl)oxane-2,3,4,5-tetro...
Dipotassium Phosphate	174.18	2.15,7.20,12.35	-3,-2,-1,0,1,2,3	K+:1	500.0	0.9	PubChem CID:24450 - dipotassium;hydrogen phosphate
Double distilled water	18.02		-1,0,1		177.8279	1.0	PubChem CID:962 - oxidane
Dry cow-manure	188.22		-1,0,1		10.0	1.0	PubChem CID:46335 - ethyl N-nitroso-N-pentylcarbamate
Elemental sulphur	340.5		-1,0,1		1.7783	1.0	PubChem CID:5832 - [(8R,9S,10R,13S,14S,17R)-17-ethynyl-13-methyl-3-ox...
Enzymatic digest of casein	290.27		-1,0,1		63.0957	1.0	PubChem CID:9064 - (2R,3S)-2-(3,4-dihydroxyphenyl)-3,4-dihydro-2H-chr...
Fe(III)NH4-EDTA	292.24		-1,0,1		2000.0	1.0	PubChem CID:6049 - 2-[2-[bis(carboxymethyl)amino]ethyl-(carboxymethyl...
Fe(III)PO4 x 4 H2O	55.84		2,3	Fe2+:2	100.0	0.8	PubChem CID:29936 - iron(3+)
Fe(NH4)2(SO4)2	284.1		-1,0,1	Fe2+:2	100.0	0.8	PubChem CID:24863 - diazanium;iron(2+);disulfate
Fe(NH4)2(SO4)2 x 12 H2O	530.4		-1,0,1	Br-:-1	0.0562	0.9	PubChem CID:9604685 - 3-[(2Z)-3-benzyl-2-[(E)-(4-methylphenyl)methyliden...
Fe(NH4)2(SO4)2 x 6 H2O	732.4		0		100.0	1.0	PubChem CID:168338376 - dioxidanium;oxidooxycyclohexane;oxygen(2-);pyridin...
Fe(NH4)citrate	192.12		-1,0,1		707.9458	1.0	PubChem CID:311 - 2-hydroxypropane-1,2,3-tricarboxylic acid
FeCl2 x 4 H2O	126.75		-1,0,1	Cl-:-1	200.0	0.9	PubChem CID:24458 - dichloroiron
FeCl2 x 6 H2O	126.75		-1,0,1	Cl-:-1	200.0	0.9	PubChem CID:24458 - dichloroiron
FeCl2 x 7 H2O	126.75		-1,0,1	Cl-:-1	200.0	0.9	PubChem CID:24458 - dichloroiron
FeCl3 x 4 H2O	162.2		-1,0,1	Cl-:-1	200.0	0.9	PubChem CID:24380 - trichloroiron
FeCl3 x 6 H2O	162.2		-1,0,1	Cl-:-1	200.0	0.9	PubChem CID:24380 - trichloroiron
FeSO4 x 6 H2O	151.91		-1,0,1	Fe2+:2	100.0	0.8	PubChem CID:24393 - iron(2+);sulfate
FeSO4 x 7 H2O	151.91		-1,0,1	Fe2+:2	100.0	0.8	PubChem CID:24393 - iron(2+);sulfate
Ferric citrate monohydrate	262.96		-1,0,1	Fe2+:2	100.0	0.8	PubChem CID:22178220 - 2-hydroxypropane-1,2,3-tricarboxylate;iron(3+);hyd...
Fetal bovine serum	636.9		-1,0,1		100.0	1.0	PubChem CID:66443 - (8R,9S,13S,14S,17R)-17-ethynyl-13-methyl-7,8,9,11,...
Fildes Enrichment	288.4		-1,0,1		3.5481	1.0	PubChem CID:9838899 - (7R,8R,9S,10R,13S,14S,17S)-17-hydroxy-7,13-dimethy...
Folinic acid	473.4	4.75	-1,0,1		398.1072	1.0	PubChem CID:135403648 - (2S)-2-[[4-[(2-amino-5-formyl-4-oxo-3,6,7,8-tetrah...
Formic acid	368.2	4.75	-1,0,1		100.0	1.0	PubChem CID:139213395 - formic acid
Galactose	180.16		-1,0,1		1995.2623	1.0	PubChem CID:6036 - (3R,4S,5R,6R)-6-(hydroxymethyl)oxane-2,3,4,5-tetro...
Gelatine	75.07		-1,0,1		2000.0	1.0	PubChem CID:750 - 2-aminoacetic acid
Gellan Gum	475.6		-1,0,1		1.7783	1.0	PubChem CID:130904 - [(8S,11R,13S,14S,17R)-17-acetyl-11-[4-(dimethylami...
H2SeO3	80.99		-1,0,1		100.0	1.0	PubChem CID:533 - selane
H3BO2	77.84		-1,0,1		100.0	1.0	PubChem CID:15775265 - hydroperoxyboronic acid
HBO3	59.82		-1,0,1		100.0	1.0	PubChem CID:114931 - hydroperoxy(oxo)borane
HEPES buffer	238.31	7.55	-1,0,1		2000.0	1.0	PubChem CID:23831 - 2-[4-(2-hydroxyethyl)piperazin-1-yl]ethanesulfonic...
Hemicalcium D-(+)-pantothenate	40.08		-1,0,1	Ca2+:2	100.0	0.8	PubChem CID:5460341 - calcium
Hexachlorocyclo-hexane	84.16		-3,-2,-1		1.122	1.0	PubChem CID:151748360 - hexane
Inulin	6179.0		-1,0,1		2000.0	1.0	PubChem CID:24763 - (2R,3R,4S,5S,6R)-2-[(2S,3S,4S,5R)-2-[[(2R,3S,4S,5R...
K-acetate	61.03	4.76	-1,0,1		63.0957	1.0	PubChem CID:102089142 - acetate
K-phosphate buffer	474.86	2.15,7.20,12.35	-3,-2,-1,0,1,2,3		1.0	1.0	PubChem CID:21896573 - phosphate
K2HPO4 x 3 H2O	174.18		-1,0,1	K+:1	100.0	0.9	PubChem CID:24450 - dipotassium;hydrogen phosphate
K2S4O6	302.5		-1,0,1	K+:1	100.0	0.9	PubChem CID:61701
L-Alanine	89.09		-1,0,1		2000.0	1.0	PubChem CID:5950 - (2S)-2-aminopropanoic acid
L-Arginine	174.2		-1,0,1		2000.0	1.0	PubChem CID:6322 - (2S)-2-amino-5-(diaminomethylideneamino)pentanoic ...
L-Arginine x HCl	174.2		-1,0,1		2000.0	1.0	PubChem CID:232 - 2-amino-5-(diaminomethylideneamino)pentanoic acid
L-Ascorbic acid	176.12	4.75	-1,0,1		630.9573	1.0	PubChem CID:54670067 - (2R)-2-[(1S)-1,2-dihydroxyethyl]-3,4-dihydroxy-2H-...
L-Asparagin	132.12		-1,0,1		2000.0	1.0	PubChem CID:6267 - (2S)-2,4-diamino-4-oxobutanoic acid
L-Asparagine	132.12		-1,0,1		2000.0	1.0	PubChem CID:6267 - (2S)-2,4-diamino-4-oxobutanoic acid
L-Aspartic acid	133.1	4.75	-1,0,1		2000.0	1.0	PubChem CID:5960 - (2S)-2-aminobutanedioic acid
L-Cysteine	121.16		-1,0,1		1778.2794	1.0	PubChem CID:5862 - (2R)-2-amino-3-sulfanylpropanoic acid
L-Cysteine HCl	157.62		-1,0,1	Cl-:-1	100.0	0.9	PubChem CID:60960 - (2R)-2-amino-3-sulfanylpropanoic acid;hydrochlorid...
L-Cysteine HCl x H2O	121.16		-1,0,1		1778.2794	1.0	PubChem CID:5862 - (2R)-2-amino-3-sulfanylpropanoic acid
L-Cystine	240.3		-1,0,1		2000.0	1.0	PubChem CID:67678 - (2R)-2-amino-3-[[(2R)-2-amino-2-carboxyethyl]disul...
L-Fucose	164.16		-1,0,1		1122.0185	1.0	PubChem CID:17106 - (3S,4R,5S,6S)-6-methyloxane-2,3,4,5-tetrol
L-Glutamic acid	147.13	4.75	-1,0,1		2000.0	1.0	PubChem CID:33032 - (2S)-2-aminopentanedioic acid
L-Glutamine	146.14	10.80	-1,0,1		2000.0	1.0	PubChem CID:5961 - (2S)-2,5-diamino-5-oxopentanoic acid
L-Glutathione	307.33		-1,0,1		2000.0	1.0	PubChem CID:124886 - (2S)-2-amino-5-[[(2R)-1-(carboxymethylamino)-1-oxo...
L-Histidine	155.15		-1,0,1		2000.0	1.0	PubChem CID:6274 - (2S)-2-amino-3-(1H-imidazol-5-yl)propanoic acid
L-Isoleucine	131.17		-1,0,1		707.9458	1.0	PubChem CID:6306 - (2S,3S)-2-amino-3-methylpentanoic acid
L-Leucine	131.17		-1,0,1		562.3413	1.0	PubChem CID:6106 - (2S)-2-amino-4-methylpentanoic acid
L-Lysine HCl	182.65		-1,0,1	Cl-:-1	100.0	0.9	PubChem CID:69568 - (2S)-2,6-diaminohexanoic acid;hydrochloride
L-Methionine	149.21		-1,0,1		891.2509	1.0	PubChem CID:6137 - (2S)-2-amino-4-methylsulfanylbutanoic acid
L-Ornithine HCl	168.62		-1,0,1	Cl-:-1	100.0	0.9	PubChem CID:76654 - (2S)-2,5-diaminopentanoic acid;hydrochloride
L-Phenylalanine	165.19		-1,0,1		562.3413	1.0	PubChem CID:6140 - (2S)-2-amino-3-phenylpropanoic acid
L-Proline	115.13		-1,0,1		1778.2794	1.0	PubChem CID:145742 - (2S)-pyrrolidine-2-carboxylic acid
L-Rhamnose	164.16		-1,0,1		1122.0185	1.0	PubChem CID:25310 - (3R,4R,5R,6S)-6-methyloxane-2,3,4,5-tetrol
L-Serine	105.09		-1,0,1	NO3-:-1	2000.0	0.9	PubChem CID:5951 - (2S)-2-amino-3-hydroxypropanoic acid
L-Threonine	119.12		-1,0,1	NO3-:-1	2000.0	0.9	PubChem CID:6288 - (2S,3R)-2-amino-3-hydroxybutanoic acid
L-Tryptophan	204.22		-1,0,1		354.8134	1.0	PubChem CID:6305 - (2S)-2-amino-3-(1H-indol-3-yl)propanoic acid
L-Tyrosine	181.19		-1,0,1	NO3-:-1	1412.5375	0.9	PubChem CID:6057 - (2S)-2-amino-3-(4-hydroxyphenyl)propanoic acid
L-Valine	117.15		-1,0,1		1412.5375	1.0	PubChem CID:6287 - (2S)-2-amino-3-methylbutanoic acid
Lactalbumin hydrolysate	46.07		-1,0,1		112.2018	1.0	PubChem CID:702 - ethanol
Leptospira Enrichment EMJH	494.0		-1,0,1	Cl-:-1	0.3981	0.9	PubChem CID:3488 - 5-chloro-N-[2-[4-(cyclohexylcarbamoylsulfamoyl)phe...
Li2B4O7	169.2		-1,0,1		100.0	1.0	PubChem CID:9815330 - dilithium;3,7-dioxido-2,4,6,8,9-pentaoxa-1,3,5,7-t...
Liver Concentrate	314.9		-1,0,1	Cl-:-1	100.0	0.9	PubChem CID:5702129 - 2-[(E)-1-(4-methylphenyl)-3-pyrrolidin-1-ylprop-1-...
MES [2-(N-morpholino) ethane sulfonic acid]	962.2	4.75	-1,0,1		100.0	1.0	PubChem CID:157176434 - ethane
MOPS buffer	209.27		-1,0,1		2000.0	1.0	PubChem CID:70807 - 3-morpholin-4-ylpropane-1-sulfonic acid
Maltose monohydrate	360.31		-1,0,1		100.0	1.0	PubChem CID:23615261 - (2R,3R,4R,5R)-2,3,5,6-tetrahydroxy-4-[(2R,3R,4S,5S...
Metall salt sol. 44	58.44		-1,0,1	Na+:1,Cl-:-1	200.0	0.9	PubChem CID:5234 - sodium;chloride
Mg-citrate	451.12		-1,0,1	Mg2+:2	100.0	0.8	PubChem CID:6099959 - trimagnesium;2-hydroxypropane-1,2,3-tricarboxylate
MgCl2 x 2 H2O	95.21		-1,0,1	Mg2+:2,Cl-:-1	200.0	0.8	PubChem CID:5360315 - magnesium;dichloride
MgCl2 x 4 H2O	95.21		-1,0,1	Mg2+:2,Cl-:-1	200.0	0.8	PubChem CID:5360315 - magnesium;dichloride
MgCl2 x 6 H2O	95.21		-1,0,1	Mg2+:2,Cl-:-1	200.0	0.8	PubChem CID:5360315 - magnesium;dichloride
MgCl2 x 7 H2O	95.21		-1,0,1	Mg2+:2,Cl-:-1	200.0	0.8	PubChem CID:5360315 - magnesium;dichloride
MgCl2 x H2O	95.21		-1,0,1	Mg2+:2,Cl-:-1	200.0	0.8	PubChem CID:5360315 - magnesium;dichloride
MgSO4 x 6 H2O	120.37		-1,0,1	Mg2+:2	100.0	0.8	PubChem CID:24083 - magnesium;sulfate
MgSO4 x 7 H2O	120.37		-1,0,1	Mg2+:2	100.0	0.8	PubChem CID:24083 - magnesium;sulfate
MnCl2 x 2 H2O	125.84		-1,0,1	Cl-:-1	200.0	0.9	PubChem CID:24480 - dichloromanganese
MnCl2 x 4 H2O	125.84		-1,0,1	Cl-:-1	200.0	0.9	PubChem CID:24480 - dichloromanganese
MnSO4 x 1 H2O	151.0		-1,0,1	Mn2+:2	100.0	0.8	PubChem CID:24580 - manganese(2+);sulfate
MnSO4 x 2 H2O	151.0		-1,0,1	Mn2+:2	100.0	0.8	PubChem CID:24580 - manganese(2+);sulfate
MnSO4 x 4 H2O	151.0		-1,0,1	Mn2+:2	100.0	0.8	PubChem CID:24580 - manganese(2+);sulfate
MnSO4 x 5 H2O	151.0		-1,0,1	Mn2+:2	100.0	0.8	PubChem CID:24580 - manganese(2+);sulfate
MnSO4 x 6 H2O	151.0		-1,0,1	Mn2+:2	100.0	0.8	PubChem CID:24580 - manganese(2+);sulfate
MnSO4 x 7 H2O	151.0		-1,0,1	Mn2+:2	100.0	0.8	PubChem CID:24580 - manganese(2+);sulfate
MnSO4 x H2O	151.0		-1,0,1	Mn2+:2	100.0	0.8	PubChem CID:24580 - manganese(2+);sulfate
MnSO4 x n H2O	151.0		-1,0,1	Mn2+:2	100.0	0.8	PubChem CID:24580 - manganese(2+);sulfate
Mucin from porcine stomach Type III	124.14		-1,0,1		15.8489	1.0	PubChem CID:10436 - 5-methylbenzene-1,3-diol
Mycobactine J	191.19		-1,0,1		17.7828	1.0	PubChem CID:25429 - methyl N-(1H-benzimidazol-2-yl)carbamate
N-Z amine	502.8	10.80	-1,0,1		100.0	1.0	PubChem CID:139106940 - 2,3-dicyclohexyl-1,1-dimethylguanidine
NH4-oxalate	88.0		-3,-2,-1		31.6228	1.0	PubChem CID:101177696 - oxalate
NH4HCO3	61.02		-2,-1,0		56.2341	1.0	PubChem CID:769 - hydrogen carbonate
NH4NO3	34.04		0,1,2		398.1072	1.0	PubChem CID:933 - hydroxyazanium
Na NO3	85.0		-1,0,1	Na+:1	100.0	0.9	PubChem CID:24268 - sodium;nitrate
Na acetate	61.03	4.76	-1,0,1		63.0957	1.0	PubChem CID:102089142 - acetate
Na acetate x 3 H2O	61.03	4.76	-1,0,1		63.0957	1.0	PubChem CID:102089142 - acetate
Na gluconate	196.16		-1,0,1		2000.0	1.0	PubChem CID:10690 - (2R,3S,4R,5R)-2,3,4,5,6-pentahydroxyhexanoic acid
Na glutamate	147.13		-1,0,1		2000.0	1.0	PubChem CID:611 - 2-aminopentanedioic acid
Na malate	134.09		-1,0,1		446.6836	1.0	PubChem CID:525 - 2-hydroxybutanedioic acid
Na pyruvate	87.05		-2,-1,0		199.5262	1.0	PubChem CID:107735 - 2-oxopropanoate
Na-(DL)-lactate	89.07		-2,-1,0		79.4328	1.0	PubChem CID:91435 - 2-hydroxypropanoate
Na-(L)-lactate	89.07		-2,-1,0		79.4328	1.0	PubChem CID:91435 - 2-hydroxypropanoate
Na-3-hydroxybutyrate	46.07		-1,0,1		112.2018	1.0	PubChem CID:702 - ethanol
Na-DL-lactate	89.07		-2,-1,0		79.4328	1.0	PubChem CID:91435 - 2-hydroxypropanoate
Na-DL-malate	134.09		-1,0,1		446.6836	1.0	PubChem CID:525 - 2-hydroxybutanedioic acid
Na-EDTA	292.24		-1,0,1		2000.0	1.0	PubChem CID:6049 - 2-[2-[bis(carboxymethyl)amino]ethyl-(carboxymethyl...
Na-EDTA x 2 H2O	292.24		-1,0,1		2000.0	1.0	PubChem CID:6049 - 2-[2-[bis(carboxymethyl)amino]ethyl-(carboxymethyl...
Na-L-lactate	89.07		-2,-1,0		79.4328	1.0	PubChem CID:91435 - 2-hydroxypropanoate
Na-Nitrilotriacetat	621.93		-1,0,1	I-:-1	0.5623	0.9	PubChem CID:5803 - 2-[4-(4-hydroxy-3-iodophenoxy)-3,5-diiodophenyl]ac...
Na-acetate	61.03	4.76	-1,0,1		63.0957	1.0	PubChem CID:102089142 - acetate
Na-acetate x 3 H2O	61.03	4.76	-1,0,1		63.0957	1.0	PubChem CID:102089142 - acetate
Na-ampicillin	334.4		-1,0,1		12.5893	1.0	PubChem CID:2349 - 3,3-dimethyl-7-oxo-6-[(2-phenylacetyl)amino]-4-thi...
Na-ascorbate	176.12		-1,0,1		630.9573	1.0	PubChem CID:54670067 - (2R)-2-[(1S)-1,2-dihydroxyethyl]-3,4-dihydroxy-2H-...
Na-aspartate	133.1		-1,0,1		2000.0	1.0	PubChem CID:5960 - (2S)-2-aminobutanedioic acid
Na-benzoate	120.1		-3,-2,-1		7.0795	1.0	PubChem CID:23529189 - benzoate
Na-butyrate	87.1		-2,-1,0		19.9526	1.0	PubChem CID:104775 - butanoate
Na-caproate	115.15		-2,-1,0		5.0119	1.0	PubChem CID:4398339 - hexanoate
Na-crotonate	86.09		-1,0,1		44.6684	1.0	PubChem CID:637090 - (E)-but-2-enoic acid
Na-formate	45.02		-2,-1,0		56.2341	1.0	PubChem CID:283 - formate
Na-formiate	45.02		-2,-1,0		56.2341	1.0	PubChem CID:283 - formate
Na-fumarate	116.07		-1,0,1		141.2538	1.0	PubChem CID:444972 - (E)-but-2-enedioic acid
Na-gallate	408.6		-1,0,1		1.5849	1.0	PubChem CID:303 - 4-(3,7,12-trihydroxy-10,13-dimethyl-2,3,4,5,6,7,8,...
Na-gluconate	196.16		-1,0,1		2000.0	1.0	PubChem CID:10690 - (2R,3S,4R,5R)-2,3,4,5,6-pentahydroxyhexanoic acid
Na-lactate	89.07		-2,-1,0		79.4328	1.0	PubChem CID:91435 - 2-hydroxypropanoate
Na-laurate	168.11		-1,0,1		891.2509	1.0	PubChem CID:1175 - 7,9-dihydro-3H-purine-2,6,8-trione
Na-malate	134.09		-1,0,1		446.6836	1.0	PubChem CID:525 - 2-hydroxybutanedioic acid
Na-meta silicate	92.08		-3		100.0	1.0	PubChem CID:104812 - silicate
Na-orotate	156.1		-1,0,1		501.1872	1.0	PubChem CID:967 - 2,4-dioxo-1H-pyrimidine-6-carboxylic acid
Na-oxalate	88.0		-3,-2,-1		31.6228	1.0	PubChem CID:101177696 - oxalate
Na-phosphate buffer	474.86	2.15,7.20,12.35	-3,-2,-1,0,1,2,3		1.0	1.0	PubChem CID:21896573 - phosphate
Na-propionate	110.11		-1,0,1		50.1187	1.0	PubChem CID:785 - benzene-1,4-diol
Na-pyruvate	87.05		-2,-1,0		199.5262	1.0	PubChem CID:107735 - 2-oxopropanoate
Na-silicate	92.08		-3		100.0	1.0	PubChem CID:104812 - silicate
Na-tartrate	110.11		-1,0,1		50.1187	1.0	PubChem CID:785 - benzene-1,4-diol
Na-thioglycolate	62.07		-1,0,1		501.1872	1.0	PubChem CID:174 - ethane-1,2-diol
Na-thiosulfate	1344.9		0		1.0	1.0	PubChem CID:18787619 - sulfate
Na-tungstate x 2 H2O	247.84		-3,-2,-1		100.0	1.0	PubChem CID:24465 - dioxido(dioxo)tungsten
Na-vanillate	152.15		-1,0,1		25.1189	1.0	PubChem CID:1183 - 4-hydroxy-3-methoxybenzaldehyde
Na2 MoO4 x 2 H2O	530.4		-1,0,1	Br-:-1	0.0562	0.9	PubChem CID:9604685 - 3-[(2Z)-3-benzyl-2-[(E)-(4-methylphenyl)methyliden...
Na2 alpha-ketoglutarate	132.11		-1,0,1		141.2538	1.0	PubChem CID:743 - pentanedioic acid
Na2-9,10-anthraquinone-2,6-disulfonate	64.07		-1,0,1		89.1251	1.0	PubChem CID:1119 - sulfur dioxide
Na2-DL-malate	134.09		-1,0,1		446.6836	1.0	PubChem CID:525 - 2-hydroxybutanedioic acid
Na2-EDTA x 2 H2O	292.24		-1,0,1		2000.0	1.0	PubChem CID:6049 - 2-[2-[bis(carboxymethyl)amino]ethyl-(carboxymethyl...
Na2-citrate	192.12		-1,0,1		707.9458	1.0	PubChem CID:311 - 2-hydroxypropane-1,2,3-tricarboxylic acid
Na2-fumarate	116.07		-1,0,1		141.2538	1.0	PubChem CID:444972 - (E)-but-2-enedioic acid
Na2-glutamate	147.13		-1,0,1		2000.0	1.0	PubChem CID:611 - 2-aminopentanedioic acid
Na2-glyoxalate	88.0		-3,-2,-1		31.6228	1.0	PubChem CID:101177696 - oxalate
Na2-tartrate x 2 H2O	110.11		-1,0,1		50.1187	1.0	PubChem CID:785 - benzene-1,4-diol
Na2-ß-glycerophosphate x 5 H2O	474.86	2.15,7.20,12.35	-3,-2,-1,0,1,2,3		1.0	1.0	PubChem CID:21896573 - phosphate
Na2B4O7 x 10 H2O	201.2		-1,0,1	Na+:1	100.0	0.9	PubChem CID:10219853 - disodium;3,7-dioxido-2,4,6,8,9-pentaoxa-1,3,5,7-te...
Na2CO3 anhydrous	46.07		-1,0,1		112.2018	1.0	PubChem CID:702 - ethanol
Na2HPO4 x 12 H2O	141.96		-1,0,1	Na+:1	100.0	0.9	PubChem CID:24203 - disodium;hydrogen phosphate
Na2HPO4 x 2 H2O	141.96		-1,0,1	Na+:1	100.0	0.9	PubChem CID:24203 - disodium;hydrogen phosphate
Na2HPO4 x 3 H2O	141.96		-1,0,1	Na+:1	100.0	0.9	PubChem CID:24203 - disodium;hydrogen phosphate
Na2HPO4 x 7 H2O	141.96		-1,0,1	Na+:1	100.0	0.9	PubChem CID:24203 - disodium;hydrogen phosphate
Na2HPO4 x H2O	141.96		-1,0,1	Na+:1	100.0	0.9	PubChem CID:24203 - disodium;hydrogen phosphate
Na2HPO4-NaH2PO4 buffer	211.0		-1,0,1		100.0	1.0	PubChem CID:23941 - polane
Na2Mo4 x 2 H2O	530.4		-1,0,1	Br-:-1	0.0562	0.9	PubChem CID:9604685 - 3-[(2Z)-3-benzyl-2-[(E)-(4-methylphenyl)methyliden...
Na2MoO4 x 2 H2O	205.93		-1,0,1	Na+:1	100.0	0.9	PubChem CID:61424 - disodium;dioxido(dioxo)molybdenum
Na2MoO4 x 7 H2O	205.93		-1,0,1	Na+:1	100.0	0.9	PubChem CID:61424 - disodium;dioxido(dioxo)molybdenum
Na2MoO4 x H2O	205.93		-1,0,1	Na+:1	100.0	0.9	PubChem CID:61424 - disodium;dioxido(dioxo)molybdenum
Na2MoO7O4 x 2 H2O	530.4		-1,0,1	Br-:-1	0.0562	0.9	PubChem CID:9604685 - 3-[(2Z)-3-benzyl-2-[(E)-(4-methylphenyl)methyliden...
Na2MoSO4 x 2 H2O	254.2		-1,0,1		100.0	1.0	PubChem CID:30318 - tetraoxoosmium
Na2S x 9 H2O	78.05		-1,0,1	Na+:1	100.0	0.9	PubChem CID:14804 - disodium;sulfide
Na2S x H2O	78.05		-1,0,1	Na+:1	100.0	0.9	PubChem CID:14804 - disodium;sulfide
Na2S2O3 x 5 H2O	78.05		-1,0,1	Na+:1	100.0	0.9	PubChem CID:14804 - disodium;sulfide
Na2S2O4	174.11		-1,0,1	Na+:1	100.0	0.9	PubChem CID:24489
Na2S2SO3	78.05		-1,0,1	Na+:1	100.0	0.9	PubChem CID:14804 - disodium;sulfide
Na2SO3 x 5 H2O	78.05		-1,0,1	Na+:1	100.0	0.9	PubChem CID:14804 - disodium;sulfide
Na2SO4 x 10 H2O	78.05		-1,0,1	Na+:1	100.0	0.9	PubChem CID:14804 - disodium;sulfide
Na2Se3 x 5 H2O	78.05		-1,0,1	Na+:1	100.0	0.9	PubChem CID:14804 - disodium;sulfide
Na2SeO3 x 5 H2O	78.05		-1,0,1	Na+:1	100.0	0.9	PubChem CID:14804 - disodium;sulfide
Na2SeO4	78.05		-1,0,1	Na+:1	100.0	0.9	PubChem CID:14804 - disodium;sulfide
Na2SeO4 x 10 H2O	78.05		-1,0,1	Na+:1	100.0	0.9	PubChem CID:14804 - disodium;sulfide
Na2SiO3 x 9 H2O	78.05		-1,0,1	Na+:1	100.0	0.9	PubChem CID:14804 - disodium;sulfide
Na2WO4 x 2 H2O	293.82		-1,0,1	Na+:1	100.0	0.9	PubChem CID:26052 - disodium;dioxido(dioxo)tungsten
Na3-EDTA	292.24		-1,0,1		2000.0	1.0	PubChem CID:6049 - 2-[2-[bis(carboxymethyl)amino]ethyl-(carboxymethyl...
Na3-citrate	192.12		-1,0,1		707.9458	1.0	PubChem CID:311 - 2-hydroxypropane-1,2,3-tricarboxylic acid
Na3-citrate x 2 H2O	192.12		-1,0,1		707.9458	1.0	PubChem CID:311 - 2-hydroxypropane-1,2,3-tricarboxylic acid
Na3-citrate x 3 H2O	192.12		-1,0,1		707.9458	1.0	PubChem CID:311 - 2-hydroxypropane-1,2,3-tricarboxylic acid
Na3-citrate x 5 H2O	192.12		-1,0,1		707.9458	1.0	PubChem CID:311 - 2-hydroxypropane-1,2,3-tricarboxylic acid
NaH2PO4 x 2 H2O	211.0		-1,0,1		100.0	1.0	PubChem CID:23941 - polane
NaH2PO4 x H2O	211.0		-1,0,1		100.0	1.0	PubChem CID:23941 - polane
NaHSeO3	56.07		-1,0,1	Na+:1	100.0	0.9	PubChem CID:28015 - sodium;sulfanide
NaS2O3	197.84		-1,0,1		100.0	1.0	PubChem CID:14888 - arsenic(3+);oxygen(2-)
NaS2O3 x 5 H2O	197.84		-1,0,1		100.0	1.0	PubChem CID:14888 - arsenic(3+);oxygen(2-)
NaVO3 x H2O	121.93		-1,0,1	Na+:1	100.0	0.9	PubChem CID:4148882 - sodium;oxido(dioxo)vanadium
NaVO3 x n H2O	121.93		-1,0,1	Na+:1	100.0	0.9	PubChem CID:4148882 - sodium;oxido(dioxo)vanadium
Natural sea water	18.02		-1,0,1		177.8279	1.0	PubChem CID:962 - oxidane
NiCl2 x 2 H2O	129.6		-1,0,1	Cl-:-1	200.0	0.9	PubChem CID:24385 - dichloronickel
NiCl2 x 6 H2O	129.6		-1,0,1	Cl-:-1	200.0	0.9	PubChem CID:24385 - dichloronickel
NiSO4 x 6 H2O	154.76		-1,0,1	Ni2+:2	100.0	0.8	PubChem CID:24586 - nickel(2+);sulfate
Niacin	123.11		-1,0,1		63.0957	1.0	PubChem CID:938 - pyridine-3-carboxylic acid
OADC Enrichment	288.4		-1,0,1		3.5481	1.0	PubChem CID:9838899 - (7R,8R,9S,10R,13S,14S,17S)-17-hydroxy-7,13-dimethy...
Oat flakes	350.87		-1,0,1	Cl-:-1	100.0	0.9	PubChem CID:47909 - 1-N'-[2-[[5-[(dimethylamino)methyl]furan-2-yl]meth...
Oatmeal	88.17		0,1,2		50.1187	1.0	PubChem CID:33993 - ethyl(trimethyl)azanium
Oleic acid	282.5	4.75	-1,0,1		0.0562	1.0	PubChem CID:445639 - (Z)-octadec-9-enoic acid
PIPES buffer	302.4		-1,0,1		2000.0	1.0	PubChem CID:79723 - 2-[4-(2-sulfoethyl)piperazin-1-yl]ethanesulfonic a...
Phosphate buffer	474.86	2.15,7.20,12.35	-3,-2,-1,0,1,2,3		1.0	1.0	PubChem CID:21896573 - phosphate
Plain flour	479.5		-1,0,1		100.0	1.0	PubChem CID:8589 - N,N-diethyl-2-[3-(1-phenylpropyl)-1,2,4-oxadiazol-...
Polar lipid fraction	318.9		-1,0,1	Cl-:-1	0.2512	0.9	PubChem CID:2726 - 3-(2-chlorophenothiazin-10-yl)-N,N-dimethylpropan-...
Poly[(R)-3-hydroxybutyric acid]	88.11	4.75	-1,0,1		39.8107	1.0	PubChem CID:264 - butanoic acid
Porcine serum	124.14		-1,0,1		15.8489	1.0	PubChem CID:10436 - 5-methylbenzene-1,3-diol
Potassium phosphate buffer	474.86	2.15,7.20,12.35	-3,-2,-1,0,1,2,3		500.0	1.0	PubChem CID:21896573 - phosphate
Potato	342.3		-1,0,1		2000.0	1.0	PubChem CID:294 - 2-(hydroxymethyl)-6-[4,5,6-trihydroxy-2-(hydroxyme...
Potato flour	479.5		-1,0,1		100.0	1.0	PubChem CID:8589 - N,N-diethyl-2-[3-(1-phenylpropyl)-1,2,4-oxadiazol-...
Proteose yeastolate	208.33		-1,0,1		100.0	1.0	PubChem CID:6517 - tetraethyl silicate
Putrescine 2 HCl	88.15		-1,0,1		281.8383	1.0	PubChem CID:1045 - butane-1,4-diamine
Pyridoxamine	168.19	10.80	-1,0,1		316.2278	1.0	PubChem CID:1052 - 4-(aminomethyl)-5-(hydroxymethyl)-2-methylpyridin-...
Pyridoxin	169.18		-1,0,1	NO3-:-1	251.1886	0.9	PubChem CID:1054 - 4,5-bis(hydroxymethyl)-2-methylpyridin-3-ol
Pyromelitic acid	126.11	4.75	-1,0,1		56.2341	1.0	PubChem CID:1057 - benzene-1,2,3-triol
Riboflavine	376.4		-1,0,1		562.3413	1.0	PubChem CID:493570 - 7,8-dimethyl-10-[(2S,3S,4R)-2,3,4,5-tetrahydroxype...
SABOURAUD- Glucose-Bouillon	180.16		-1,0,1		1995.2623	1.0	PubChem CID:5793 - (3R,4S,5S,6R)-6-(hydroxymethyl)oxane-2,3,4,5-tetro...
Se-acid	123.02	4.75	-1,0,1		100.0	1.0	PubChem CID:57348413 - ethaneselenoic Se-acid
Sea Salt	58.44		-1,0,1	Na+:1,Cl-:-1	200.0	0.9	PubChem CID:5234 - sodium;chloride
Sea salts	58.44		-1,0,1	Na+:1,Cl-:-1	200.0	0.9	PubChem CID:5234 - sodium;chloride
Sigma Sea salts	58.44		-1,0,1	Na+:1,Cl-:-1	200.0	0.9	PubChem CID:5234 - sodium;chloride
Sigmacell alpha Type 50	309.4		-1,0,1		5.0119	1.0	PubChem CID:16834 - N-benzyl-9-(oxan-2-yl)purin-6-amine
Skirrow supplement	288.4		-1,0,1		3.5481	1.0	PubChem CID:9838899 - (7R,8R,9S,10R,13S,14S,17S)-17-hydroxy-7,13-dimethy...
Sludge	74.92		-1,0,1		100.0	1.0	PubChem CID:5359596 - arsenic
SnCl2 x 2 H2O	189.61		-1,0,1	Cl-:-1	100.0	0.9	PubChem CID:24479 - dichlorotin
Sodium DL-lactate	112.06		-1,0,1	Na+:1	500.0	0.9	PubChem CID:23666456 - sodium;2-hydroxypropanoate
Sodium Potassium phosphate buffer	474.86	2.15,7.20,12.35	-3,-2,-1,0,1,2,3		500.0	1.0	PubChem CID:21896573 - phosphate
Sodium Thiosulfate	158.11		-1,0,1	Na+:1	500.0	0.9	PubChem CID:24477 - disodium;dioxido-oxo-sulfanylidene-lambda6-sulfane
Sodium acetate trihydrate	136.08	4.76	-1,0,1	Na+:1	500.0	0.9	PubChem CID:23665404 - sodium;acetate;trihydrate
Sodium citrate dihydrate	294.1		-1,0,1	Na+:1	500.0	0.9	PubChem CID:71474 - trisodium;2-hydroxypropane-1,2,3-tricarboxylate;di...
Sodium glutamate monohydrate	209.11		-1,0,1	Na+:1	500.0	0.9	PubChem CID:18601051 - disodium;(2S)-2-aminopentanedioate;hydrate
Sodium polygalacturonate	22.99		-1,0,1	Na+:1	500.0	0.9	PubChem CID:5360545 - sodium
Sodium thiosulfate pentahydrate	248.19		-1,0,1	Na+:1	500.0	0.9	PubChem CID:61475 - disodium;dioxido-oxo-sulfanylidene-lambda6-sulfane...
Solution A	138.12		-1,0,1		7.0795	1.0	PubChem CID:338 - 2-hydroxybenzoic acid
Soy flour	479.5		-1,0,1		100.0	1.0	PubChem CID:8589 - N,N-diethyl-2-[3-(1-phenylpropyl)-1,2,4-oxadiazol-...
Soya pepton	435.39		1,2,3		100.0	1.0	PubChem CID:171377 - ethane-1,2-diamine;1,10-phenanthroline;platinum(2+...
Soytone	923.0		-1,0,1		0.3981	1.0	PubChem CID:4407643 - bis(2,5,8,11,18,21,24,27-octaoxatricyclo[26.4.0.01...
SrCl2 x 6 H2O	158.52		-1,0,1	Cl-:-1	100.0	0.9	PubChem CID:61520 - strontium;dichloride
Starch	342.3		-1,0,1		2000.0	1.0	PubChem CID:294 - 2-(hydroxymethyl)-6-[4,5,6-trihydroxy-2-(hydroxyme...
Sterile serum	236.27		-1,0,1		5.6234	1.0	PubChem CID:2554 - benzo[b][1]benzazepine-11-carboxamide
Substrate	16.04		-1,0,1		50.1187	1.0	PubChem CID:297 - methane
Syringic  acid	198.17	4.75	-1,0,1		31.6228	1.0	PubChem CID:10742 - 4-hydroxy-3,5-dimethoxybenzoic acid
Tap water	18.02		-1,0,1		177.8279	1.0	PubChem CID:962 - oxidane
Thiamin	265.36		0,1,2		31.6228	1.0	PubChem CID:1130 - 2-[3-[(4-amino-2-methylpyrimidin-5-yl)methyl]-4-me...
Thiamine HCl	337.3	10.80	-1,0,1	Cl-:-1	100.0	0.9	PubChem CID:6202 - 2-[3-[(4-amino-2-methylpyrimidin-5-yl)methyl]-4-me...
Thiamine hydrochloride	337.3	10.80	-1,0,1	Cl-:-1	500.0	0.9	PubChem CID:6202 - 2-[3-[(4-amino-2-methylpyrimidin-5-yl)methyl]-4-me...
Thiamine-HCl x 2 H2O	265.36	10.80	-1,0,1		31.6228	1.0	PubChem CID:1130 - 2-[3-[(4-amino-2-methylpyrimidin-5-yl)methyl]-4-me...
Tomato juice	327.12		-1,0,1	Cl-:-1	1.0	0.9	PubChem CID:4477 - 5-chloro-N-(2-chloro-4-nitrophenyl)-2-hydroxybenza...
Trimethylamine-HCl	95.57	10.80	-1,0,1	Cl-:-1	100.0	0.9	PubChem CID:10313079 - N,N-dimethylmethanamine;hydrochloride
Tris HCl	157.59	8.07	-1,0,1	Cl-:-1,NO3-:-1	500.0	0.9	PubChem CID:93573 - 2-amino-2-(hydroxymethyl)propane-1,3-diol;hydrochl...
Tris buffer	121.14	8.07	-1,0,1	NO3-:-1	2000.0	0.9	PubChem CID:6503 - 2-amino-2-(hydroxymethyl)propane-1,3-diol
Tris-HCl	157.59	8.07	-1,0,1	Cl-:-1,NO3-:-1	500.0	0.9	PubChem CID:93573 - 2-amino-2-(hydroxymethyl)propane-1,3-diol;hydrochl...
Tris-HCl buffer	121.14	8.07	-1,0,1	NO3-:-1	2000.0	0.9	PubChem CID:6503 - 2-amino-2-(hydroxymethyl)propane-1,3-diol
Trisodium citrate	258.07	8.07	-1,0,1	Na+:1	500.0	0.9	PubChem CID:6224 - trisodium;2-hydroxypropane-1,2,3-tricarboxylate
Trisodium citrate x 2 H2O	22.99	8.07	-1,0,1	Na+:1	500.0	0.9	PubChem CID:5360545 - sodium
Tryptone	923.0		-1,0,1		0.3981	1.0	PubChem CID:4407643 - bis(2,5,8,11,18,21,24,27-octaoxatricyclo[26.4.0.01...
Tryptose-phosphate	474.86	2.15,7.20,12.35	-3,-2,-1,0,1,2,3		1.0	1.0	PubChem CID:21896573 - phosphate
Tween	1062.3		-1,0,1		56.2341	1.0	PubChem CID:2884 - N-(1-amino-3-hydroxy-1-oxobutan-2-yl)-19-[(2-amino...
Tween 80	604.8		-1,0,1		0.2239	1.0	PubChem CID:78382488 - 2-[2-[3,5-bis(2-hydroxyethoxy)oxolan-2-yl]-2-(2-hy...
VOSO4 x 2 H2O	254.2		-1,0,1		100.0	1.0	PubChem CID:30318 - tetraoxoosmium
VOSO4 x 5 H2O	254.2		-1,0,1		100.0	1.0	PubChem CID:30318 - tetraoxoosmium
VOSO4 x H2O	254.2		-1,0,1		100.0	1.0	PubChem CID:30318 - tetraoxoosmium
VOSO4 x n H2O	254.2		-1,0,1		100.0	1.0	PubChem CID:30318 - tetraoxoosmium
Vitamin B12	1355.4		-1,0,1	Co2+:2	100.0	0.8	PubChem CID:165339223 - cobalt(3+);[(2R,3S,5S)-5-(5,6-dimethylbenzimidazol...
Vitamin K1	450.7		-1,0,1		0.001	1.0	PubChem CID:5284607 - 2-methyl-3-[(E,7R,11R)-3,7,11,15-tetramethylhexade...
Vitamin K3	172.18		-1,0,1		7.9433	1.0	PubChem CID:4055 - 2-methylnaphthalene-1,4-dione
Vitamin solution	229.3		-1,0,1	NO3-:-1	39.8107	0.9	PubChem CID:3082 - 2-dimethoxyphosphinothioylsulfanyl-N-methylacetami...
Vitamin-free casamino acids	337.5	4.75,10.80	-2,-1,0,1,2		199.5262	1.0	PubChem CID:3325 - 3-[[2-(diaminomethylideneamino)-1,3-thiazol-4-yl]m...
Vitamine B12	1355.4	10.80	-1,0,1	Co2+:2	100.0	0.8	PubChem CID:165339223 - cobalt(3+);[(2R,3S,5S)-5-(5,6-dimethylbenzimidazol...
Vitox	194.15		-1,0,1		707.9458	1.0	PubChem CID:24413 - sulfooxy hydrogen sulfate
White wine	222.37		-1,0,1		0.8913	1.0	PubChem CID:10955174 - (1R,3R,6S,7S,8S)-2,2,6,8-tetramethyltricyclo[5.3.1...
Xylan	383.4		-1,0,1	Br-:-1	100.0	0.9	PubChem CID:18036 - 2-(N-cyclohexylanilino)ethyl-triethylazanium;bromi...
ZnSO4 x 6 H2O	161.4		-1,0,1	Zn2+:2	100.0	0.8	PubChem CID:24424 - zinc;sulfate
ZnSO4 x 7 H2O	161.4		-1,0,1	Zn2+:2	100.0	0.8	PubChem CID:24424 - zinc;sulfate
[1,1′-Biphenyl]-2-ol	180.2		-1,0,1		12.5893	1.0	PubChem CID:1318 - 1,10-phenanthroline
absolute ethanol	100.0		0		100.0	1.0	Processed from IUPAC sources
aces	100.0		0		100.0	1.0	Processed from IUPAC sources
acetate	100.0	4.76	1,0,-1		100.0	1.0	Processed from IUPAC sources
acetic acid	100.0	4.76	1,0,-1		100.0	1.0	Processed from IUPAC sources
activated charcoal	100.0		0		100.0	1.0	Processed from IUPAC sources
alanine	89.09	2.34,9.69	-1,0,1	COO-:-1,NH3+:1	167.2	1.0	L-Alanine
alcl3	100.0		0		100.0	1.0	Processed from IUPAC sources
alk(so4)2	100.0		0		100.0	1.0	Processed from IUPAC sources
allantoin	100.0		0		100.0	1.0	Processed from IUPAC sources
alpha-d-glucose	100.0		0		909.0	1.0	Processed from IUPAC sources
alpha-ketoglutaric acid	100.0		0		100.0	1.0	Processed from IUPAC sources
alpha-lipoic acid	100.0		0		100.0	1.0	Processed from IUPAC sources
ammonium acetate	100.0	4.76	1,0,-1		100.0	1.0	Processed from IUPAC sources
ammonium chloride	100.0		0		400.0	1.0	Processed from IUPAC sources
ammonium molybdate	100.0		0		100.0	1.0	Processed from IUPAC sources
ammonium sulfate	100.0		0		300.0	1.0	Processed from IUPAC sources
amphotericin	100.0		0		100.0	1.0	Processed from IUPAC sources
ampicillin sodium salt	100.0		0		100.0	1.0	Processed from IUPAC sources
antipyrine	100.0		0		100.0	1.0	Processed from IUPAC sources
arabinose	100.0		0		100.0	1.0	Processed from IUPAC sources
arginine	100.0		0		100.0	1.0	Processed from IUPAC sources
arsenate	100.0		0		100.0	1.0	Processed from IUPAC sources
ascorbic acid	100.0	4.10,11.79	1,0,-1,-2		100.0	1.0	Processed from IUPAC sources
asparagine	100.0		0		100.0	1.0	Processed from IUPAC sources
aspartic acid	100.0		0		100.0	1.0	Processed from IUPAC sources
b12	100.0		0		100.0	1.0	Processed from IUPAC sources
bacl2	100.0		0		100.0	1.0	Processed from IUPAC sources
benzylcyanide	100.0		0		100.0	1.0	Processed from IUPAC sources
betaine	100.0		0		100.0	1.0	Processed from IUPAC sources
betaine hydrochloride	100.0		0		400.0	1.0	Processed from IUPAC sources
bicine	100.0		0		100.0	1.0	Processed from IUPAC sources
bicine buffer	100.0		0		100.0	1.0	Processed from IUPAC sources
biotin	100.0		0		100.0	1.0	Processed from IUPAC sources
biphenyl	100.0		0		100.0	1.0	Processed from IUPAC sources
bis-tris	100.0	8.07	1,0,-1		100.0	1.0	Processed from IUPAC sources
boric acid	100.0	9.24,12.74,13.80	1,0,-1,-2,-3		49.8	1.0	Processed from IUPAC sources
bromocresol purple	100.0		0		100.0	1.0	Processed from IUPAC sources
bromothymol blue	100.0		0		100.0	1.0	Processed from IUPAC sources
butyric acid	100.0		0		100.0	1.0	Processed from IUPAC sources
ca(no3)2	100.0		0		100.0	1.0	Processed from IUPAC sources
cacl2	110.98		0	Ca2+:2,Cl-:-1	745.0	1.0	Calcium chloride
caco3	100.09	6.37,10.33	0,-1,-2	Ca2+:2,CO32-:-2	0.0013	1.0	Calcium carbonate
calcium carbonate	100.09	6.37,10.33	1,0,-1,-2		0.0013	1.0	Processed from IUPAC sources
calcium chloride	100.0		0	Ca2+:2,Cl-:-1	745.0	1.0	Processed from IUPAC sources
calcium d-(+)-pantothenate	100.0		0		100.0	1.0	Processed from IUPAC sources
calcium pantothenate	100.0		0		100.0	1.0	Processed from IUPAC sources
calcium_carbonate	100.09	6.37,10.33	1,0,-1,-2		0.0013	1.0	calcium carbonate
caproic acid	100.0		0		100.0	1.0	Processed from IUPAC sources
caso4	100.0		0		100.0	1.0	Processed from IUPAC sources
cd(no3)2	100.0		0		100.0	1.0	Processed from IUPAC sources
cellobiose	100.0		0		100.0	1.0	Processed from IUPAC sources
charcoal	100.0		0		100.0	1.0	Processed from IUPAC sources
cholesterol	100.0		0		100.0	1.0	Processed from IUPAC sources
cholesterol lipid concentrate	248.4		-1,0,1		0.2818	1.0	PubChem CID:1107 - 2,3,4,5,6,7,8,9,10,11,12,13,14,15,16,17-hexadecahy...
choline	100.0		0		100.0	1.0	Processed from IUPAC sources
choline chloride	100.0		0		400.0	1.0	Processed from IUPAC sources
citric acid	100.0	3.13,4.76,6.40	1,0,-1,-2,-3		100.0	1.0	Processed from IUPAC sources
co(no3)2	100.0		0		100.0	1.0	Processed from IUPAC sources
cobalamin	100.0		0		100.0	1.0	Processed from IUPAC sources
cobalt chloride	100.0		0		400.0	1.0	Processed from IUPAC sources
cocl2	129.84		0	Co2+:2,Cl-:-1	529.0	1.0	Cobalt(II) chloride
coenzym a	100.0		0		100.0	1.0	Processed from IUPAC sources
copper chloride	100.0		0		400.0	1.0	Processed from IUPAC sources
copper sulfate	100.0		0		300.0	1.0	Processed from IUPAC sources
coso4	100.0		0		100.0	1.0	Processed from IUPAC sources
cr(no3)3	100.0		0		100.0	1.0	Processed from IUPAC sources
creatine	100.0		0		100.0	1.0	Processed from IUPAC sources
creatinine	100.0		0		100.0	1.0	Processed from IUPAC sources
cresol red	100.0		0		100.0	1.0	Processed from IUPAC sources
crotonic acid	100.0		0		100.0	1.0	Processed from IUPAC sources
cucl2	134.45		0	Cu2+:2,Cl-:-1	708.0	1.0	Copper(II) chloride
cuso4	159.61		0	Cu2+:2,SO42-:-2	316.0	1.0	Copper(II) sulfate
cyanocobalamin	100.0		0		100.0	1.0	Processed from IUPAC sources
cyanocobalamine	100.0		0		100.0	1.0	Processed from IUPAC sources
cyanuric acid	100.0		0		100.0	1.0	Processed from IUPAC sources
cycloheximid	100.0		0		100.0	1.0	Processed from IUPAC sources
cyclomaltoheptaose	100.0		0		100.0	1.0	Processed from IUPAC sources
cysteine	100.0	1.96,8.18,10.28	1,0,-1,-2,-3		100.0	1.0	Processed from IUPAC sources
cysteine hcl	100.0	1.96,8.18,10.28	1,0,-1,-2,-3		100.0	1.0	Processed from IUPAC sources
cysteine hydrochloride	100.0	1.96,8.18,10.28	1,0,-1,-2,-3		400.0	1.0	Processed from IUPAC sources
cysteine-hcl	100.0	1.96,8.18,10.28	1,0,-1,-2,-3		100.0	1.0	Processed from IUPAC sources
dextrin	100.0		0		100.0	1.0	Processed from IUPAC sources
diaminopimelic acid	100.0	2.30,9.60	1,0,-1,-2		200.0	1.0	Processed from IUPAC sources
diammonium citrate	100.0		0		100.0	1.0	Processed from IUPAC sources
diethyl phosphonate	100.0		0		100.0	1.0	Processed from IUPAC sources
disodium fumarate	100.0		0		100.0	1.0	Processed from IUPAC sources
disodium succinate	100.0		0		100.0	1.0	Processed from IUPAC sources
disodium_fumarate	178.05	3.03,4.44	-2,-1,0	Na+:1,Fumarate2-:-2	650.0	1.0	Disodium fumarate
dithiothreitol	100.0		0		100.0	1.0	Processed from IUPAC sources
dl-2-methylbutyric acid	100.0		0		100.0	1.0	Processed from IUPAC sources
dl-6,8-thioctic acid	100.0		0		100.0	1.0	Processed from IUPAC sources
dl-alpha-lipoic acid	100.0		0		100.0	1.0	Processed from IUPAC sources
dl-aspartic acid	100.0		0		100.0	1.0	Processed from IUPAC sources
dl-carnitine	100.0		0		100.0	1.0	Processed from IUPAC sources
dl-dithiothreitol	100.0		0		100.0	1.0	Processed from IUPAC sources
dl-histidine	100.0	1.82,6.00,9.17	1,0,-1,-2,-3		100.0	1.0	Processed from IUPAC sources
dl-malate	100.0		0		100.0	1.0	Processed from IUPAC sources
dl-malic acid	100.0	3.40,5.20	1,0,-1,-2		100.0	1.0	Processed from IUPAC sources
dl-methionine	100.0		0		100.0	1.0	Processed from IUPAC sources
dl-mevalonic acid	100.0		0		100.0	1.0	Processed from IUPAC sources
dl-pantothenic acid	100.0	4.40	1,0,-1		100.0	1.0	Processed from IUPAC sources
dl-tryptophan	100.0		0		100.0	1.0	Processed from IUPAC sources
dtt	100.0		0		100.0	1.0	Processed from IUPAC sources
edta	100.0		0		100.0	1.0	Processed from IUPAC sources
eisencitrat	100.0		0		100.0	1.0	Processed from IUPAC sources
erythromycin	100.0		0		100.0	1.0	Processed from IUPAC sources
ethanol	100.0	9.50	1,0,-1		100.0	1.0	Processed from IUPAC sources
ethanol absolute	100.0		0		100.0	1.0	Processed from IUPAC sources
ethylene glycol	100.0		0		100.0	1.0	Processed from IUPAC sources
fe(iii) citrate	100.0		0		100.0	1.0	Processed from IUPAC sources
fe(iii)-edta	100.0		0		100.0	1.0	Processed from IUPAC sources
fecl2	126.75		0	Fe2+:2,Cl-:-1	645.0	1.0	Iron(II) chloride
fecl3	162.2		0	Fe3+:3,Cl-:-1	922.0	1.0	Iron(III) chloride
fepo4	100.0		0		100.0	1.0	Processed from IUPAC sources
ferric ammonium citrate	100.0		0		100.0	1.0	Processed from IUPAC sources
ferric citrate	100.0		0		100.0	1.0	Processed from IUPAC sources
feso4	151.91		0	Fe2+:2,SO42-:-2	240.0	1.0	Iron(II) sulfate
flavin adenine dinucleotide	100.0		0		100.0	1.0	Processed from IUPAC sources
fluoranthene	100.0		0		100.0	1.0	Processed from IUPAC sources
folic acid	100.0		0		100.0	1.0	Processed from IUPAC sources
fructose	100.0		0		1000.0	1.0	Processed from IUPAC sources
fumaric acid	100.0	3.03,4.44	1,0,-1,-2		100.0	1.0	Processed from IUPAC sources
galacturonic acid	100.0		0		100.0	1.0	Processed from IUPAC sources
gamma-aminobutyric acid	100.0	2.30,9.60	1,0,-1,-2		200.0	1.0	Processed from IUPAC sources
gentisic acid	100.0		0		100.0	1.0	Processed from IUPAC sources
glacial acetic acid	100.0	4.76	1,0,-1		100.0	1.0	Processed from IUPAC sources
glucose	180.16		0		909.0	1.0	Glucose
glucuronic acid	100.0		0		100.0	1.0	Processed from IUPAC sources
glutamic acid	100.0	2.19,4.25,9.67	1,0,-1,-2,-3		100.0	1.0	Processed from IUPAC sources
glutamine	100.0		0		100.0	1.0	Processed from IUPAC sources
glutathione	100.0		0		100.0	1.0	Processed from IUPAC sources
glycerol	100.0		0		100.0	1.0	Processed from IUPAC sources
glycine	75.07	2.34,9.60	-1,0,1	COO-:-1,NH3+:1	249.9	1.0	Glycine
glycyl-glycine	100.0	2.34,9.60	1,0,-1,-2		200.0	1.0	Processed from IUPAC sources
h2o	100.0		0		100.0	1.0	Processed from IUPAC sources
h2so4	100.0		0		100.0	1.0	Processed from IUPAC sources
h2wo4	100.0		0		100.0	1.0	Processed from IUPAC sources
h3bo3	61.83	9.24	0,-1	BO33-:-3	49.8	1.0	Boric acid
haemin	100.0		0		100.0	1.0	Processed from IUPAC sources
hcl	100.0		0		100.0	1.0	Processed from IUPAC sources
hemin	100.0		0		100.0	1.0	Processed from IUPAC sources
hepes	238.31	7.55	-1,0	HEPES-:-1	100.0	1.0	HEPES buffer
hexadecane	100.0		0		100.0	1.0	Processed from IUPAC sources
histidine	100.0	1.82,6.00,9.17	1,0,-1,-2,-3		100.0	1.0	Processed from IUPAC sources
homo-pipes	100.0	6.76	1,0,-1		100.0	1.0	Processed from IUPAC sources
hypoxanthine	100.0		0		100.0	1.0	Processed from IUPAC sources
indigocarmine	100.0		0		100.0	1.0	Processed from IUPAC sources
inosin	100.0		0		100.0	1.0	Processed from IUPAC sources
inositol	100.0		0		100.0	1.0	Processed from IUPAC sources
iron chloride	100.0		0		400.0	1.0	Processed from IUPAC sources
iron powder	100.0		0		100.0	1.0	Processed from IUPAC sources
iron sulfate	100.0		0		300.0	1.0	Processed from IUPAC sources
iso-butyric acid	100.0		0		100.0	1.0	Processed from IUPAC sources
iso-valeric acid	100.0		0		100.0	1.0	Processed from IUPAC sources
isobutyramide	100.0		0		100.0	1.0	Processed from IUPAC sources
isobutyric acid	100.0		0		100.0	1.0	Processed from IUPAC sources
isoleucine	100.0		0		100.0	1.0	Processed from IUPAC sources
isopropyl alcohol	100.0		0		100.0	1.0	Processed from IUPAC sources
isovaleric acid	100.0		0		100.0	1.0	Processed from IUPAC sources
k2co3	100.0		0		100.0	1.0	Processed from IUPAC sources
k2hpo4	174.18	2.15,7.20,12.35	-1,0,1,2	K+:1,PO43-:-3,HPO42-:-2,H2PO4-:-1	1670.0	1.0	Dipotassium phosphate
k2so4	100.0		0		100.0	1.0	Processed from IUPAC sources
kbr	100.0		0		100.0	1.0	Processed from IUPAC sources
kcl	74.55		0	K+:1,Cl-:-1	344.0	1.0	Potassium chloride
kh2po4	136.09	2.15,7.20,12.35	-1,0,1,2	K+:1,H2PO4-:-1	252.0	1.0	Monopotassium phosphate
khco3	100.0		0		100.0	1.0	Processed from IUPAC sources
kno3	101.1		0	K+:1,NO3-:-1	320.0	1.0	Potassium nitrate
koh	100.0		0		100.0	1.0	Processed from IUPAC sources
kscn	100.0		0		100.0	1.0	Processed from IUPAC sources
l(+)-tartaric acid	100.0		0		100.0	1.0	Processed from IUPAC sources
lactose	100.0		0		100.0	1.0	Processed from IUPAC sources
leucine	100.0		0		100.0	1.0	Processed from IUPAC sources
lipoic acid	100.0		0		100.0	1.0	Processed from IUPAC sources
lipoprotein concentrate	314.9		-1,0,1	Cl-:-1	100.0	0.9	PubChem CID:5702129 - 2-[(E)-1-(4-methylphenyl)-3-pyrrolidin-1-ylprop-1-...
lysine hcl	100.0	2.18,8.95,10.53	1,0,-1,-2,-3		100.0	1.0	Processed from IUPAC sources
m-xylene	100.0		0		100.0	1.0	Processed from IUPAC sources
magnesium chloride	100.0		0		546.0	1.0	Processed from IUPAC sources
magnesium sulfate	100.0		0		353.0	1.0	Processed from IUPAC sources
malachite green	100.0		0		100.0	1.0	Processed from IUPAC sources
malate	100.0		0		100.0	1.0	Processed from IUPAC sources
malic acid	100.0	3.40,5.20	1,0,-1,-2		100.0	1.0	Processed from IUPAC sources
maltose	100.0		0		100.0	1.0	Processed from IUPAC sources
manganese sulfate	100.0		0		300.0	1.0	Processed from IUPAC sources
mannitol	100.0		0		100.0	1.0	Processed from IUPAC sources
mannose	100.0		0		100.0	1.0	Processed from IUPAC sources
mes	100.0	6.15	1,0,-1		100.0	1.0	Processed from IUPAC sources
methanol	100.0		0		100.0	1.0	Processed from IUPAC sources
methionine	100.0		0		100.0	1.0	Processed from IUPAC sources
methylamine	100.0		0		100.0	1.0	Processed from IUPAC sources
methylamine hydrochloride	100.0		0		400.0	1.0	Processed from IUPAC sources
mgcl2	95.21		0	Mg2+:2,Cl-:-1	546.0	1.0	Magnesium chloride
mgso4	120.37		0	Mg2+:2,SO42-:-2	353.0	1.0	Magnesium sulfate
mncl2	100.0		0		100.0	1.0	Processed from IUPAC sources
mnso4	151.0		0	Mn2+:2,SO42-:-2	598.0	1.0	Manganese sulfate
monosodium glutamate	100.0		0		100.0	1.0	Processed from IUPAC sources
moo3	100.0		0		100.0	1.0	Processed from IUPAC sources
mops	100.0	7.20	1,0,-1		100.0	1.0	Processed from IUPAC sources
morpholinopropane sulfonic acid	100.0		0		100.0	1.0	Processed from IUPAC sources
myo-inositol	100.0		0		100.0	1.0	Processed from IUPAC sources
n-(2-acetamido)-2-aminoethanesulfonic acid	100.0	2.30,9.60	1,0,-1,-2		200.0	1.0	Processed from IUPAC sources
n-acetylglucosamine	100.0		0		100.0	1.0	Processed from IUPAC sources
n-acetylmuramic acid	100.0		0		100.0	1.0	Processed from IUPAC sources
n-butyric acid	100.0		0		100.0	1.0	Processed from IUPAC sources
n-decane	100.0		0		100.0	1.0	Processed from IUPAC sources
n-methylhydantoin	100.0		0		100.0	1.0	Processed from IUPAC sources
n-valeric acid	100.0		0		100.0	1.0	Processed from IUPAC sources
na2-edta	100.0		0		100.0	1.0	Processed from IUPAC sources
na2b4o7	100.0		0		100.0	1.0	Processed from IUPAC sources
na2co3	105.99	6.37,10.33	-2,-1,0	Na+:1,CO32-:-2	215.0	1.0	Sodium carbonate
na2hpo4	141.96	2.15,7.20,12.35	-2,-1,0,1	Na+:1,HPO42-:-2	119.0	1.0	Disodium phosphate
na2moo4	205.92		0	Na+:1,MoO42-:-2	390.0	1.0	Sodium molybdate
na2s	100.0		0		100.0	1.0	Processed from IUPAC sources
na2s2o3	100.0		0		100.0	1.0	Processed from IUPAC sources
na2s2o5	100.0		0		100.0	1.0	Processed from IUPAC sources
na2seo3	172.94		0	Na+:1,SeO32-:-2	850.0	1.0	Sodium selenite
na2so3	100.0		0		100.0	1.0	Processed from IUPAC sources
na2so4	142.04		0	Na+:1,SO42-:-2	284.0	1.0	Sodium sulfate
na2wo4	293.82		0	Na+:1,WO42-:-2	842.0	1.0	Sodium tungstate
nabr	100.0		0		100.0	1.0	Processed from IUPAC sources
nacl	58.44		0	Na+:1,Cl-:-1	360.0	1.0	Sodium chloride
naclo3	100.0		0	Na+:1,Cl-:-1	100.0	1.0	Processed from IUPAC sources
naf	100.0		0		100.0	1.0	Processed from IUPAC sources
nah2po4	119.98	2.15,7.20,12.35	-1,0,1,2	Na+:1,H2PO4-:-1	850.0	1.0	Sodium dihydrogen phosphate
nahco3	84.01	6.37,10.33	-1,0,1	Na+:1,HCO3-:-1	96.0	1.0	Sodium bicarbonate
nano2	100.0		0		100.0	1.0	Processed from IUPAC sources
nano3	84.99		0	Na+:1,NO3-:-1	921.0	1.0	Sodium nitrate
naoh	100.0		0		100.0	1.0	Processed from IUPAC sources
naphthalene sulfonic acid	100.0		0		100.0	1.0	Processed from IUPAC sources
navo3	100.0		0		100.0	1.0	Processed from IUPAC sources
nh4cl	53.49	9.25	0,1	NH4+:1,Cl-:-1	383.0	1.0	Ammonium chloride
nh4h2po4	100.0		0		100.0	1.0	Processed from IUPAC sources
niacinamide	100.0		0		100.0	1.0	Processed from IUPAC sources
nickel chloride	100.0		0		400.0	1.0	Processed from IUPAC sources
nicl2	129.6		0	Ni2+:2,Cl-:-1	642.0	1.0	Nickel(II) chloride
nicotinamide	100.0		0		100.0	1.0	Processed from IUPAC sources
nicotinate	100.0		0		100.0	1.0	Processed from IUPAC sources
nicotine amide	100.0		0		100.0	1.0	Processed from IUPAC sources
nicotinic acid	100.0	2.00,4.85	1,0,-1,-2		100.0	1.0	Processed from IUPAC sources
nicotinic acid amide	100.0	2.00,4.85	1,0,-1,-2		100.0	1.0	Processed from IUPAC sources
niso4	100.0		0		100.0	1.0	Processed from IUPAC sources
nitrilotriacetate	100.0	4.76	1,0,-1		100.0	1.0	Processed from IUPAC sources
nitrilotriacetic acid	100.0	4.76	1,0,-1		100.0	1.0	Processed from IUPAC sources
nta	100.0		0		100.0	1.0	Processed from IUPAC sources
ornithine hcl	100.0		0		100.0	1.0	Processed from IUPAC sources
p-aminobenzoate	100.0	2.30,9.60	1,0,-1,-2		200.0	1.0	Processed from IUPAC sources
p-aminobenzoic acid	100.0	2.30,9.60	1,0,-1,-2		200.0	1.0	Processed from IUPAC sources
p-hydroxybenzoate	100.0		0		100.0	1.0	Processed from IUPAC sources
paba	100.0		0		100.0	1.0	Processed from IUPAC sources
pantothenate	100.0		0		100.0	1.0	Processed from IUPAC sources
pantothenic acid	100.0	4.40	1,0,-1		100.0	1.0	Processed from IUPAC sources
para-aminobenzoic acid	100.0	2.30,9.60	1,0,-1,-2		200.0	1.0	Processed from IUPAC sources
pectin	100.0		0		100.0	1.0	Processed from IUPAC sources
pentachlorophenol	100.0		0		100.0	1.0	Processed from IUPAC sources
peptone_mix	200.0	2.5,9.0	-1,0,1	COO-:-1,NH3+:1	500.0	0.8	Peptone mixture
phenol	100.0		0		100.0	1.0	Processed from IUPAC sources
phenol red	100.0		0		100.0	1.0	Processed from IUPAC sources
phenylalanine	100.0	2.34,9.69	1,0,-1,-2		200.0	1.0	Processed from IUPAC sources
phytone	100.0		0		100.0	1.0	Processed from IUPAC sources
pipes	100.0	6.76	1,0,-1		100.0	1.0	Processed from IUPAC sources
poly-ß-hydroxybutyric acid	88.11	4.75	-1,0,1		39.8107	1.0	PubChem CID:264 - butanoic acid
potassium aspartate	100.0		0		100.0	1.0	Processed from IUPAC sources
potassium chloride	100.0		0		344.0	1.0	Processed from IUPAC sources
potassium glutamate	100.0		0		100.0	1.0	Processed from IUPAC sources
potassium phosphate	100.0	2.15,7.20,12.35	1,0,-1,-2,-3		100.0	1.0	Processed from IUPAC sources
proline	100.0		0		100.0	1.0	Processed from IUPAC sources
propionic acid	100.0		0		100.0	1.0	Processed from IUPAC sources
putrescine	100.0		0		100.0	1.0	Processed from IUPAC sources
pyridoxal hydrochloride	100.0		0		400.0	1.0	Processed from IUPAC sources
pyridoxal phosphate	100.0	2.15,7.20,12.35	1,0,-1,-2,-3		100.0	1.0	Processed from IUPAC sources
pyridoxamine dihydrochloride	100.0		0		400.0	1.0	Processed from IUPAC sources
pyridoxamine hydrochloride	100.0		0		400.0	1.0	Processed from IUPAC sources
pyridoxine	100.0		0		100.0	1.0	Processed from IUPAC sources
pyridoxine hydrochloride	100.0		0		400.0	1.0	Processed from IUPAC sources
pyrrole-2-carboxylic acid	100.0		0		100.0	1.0	Processed from IUPAC sources
pyruvate	100.0		0		100.0	1.0	Processed from IUPAC sources
pyruvic acid	100.0	2.50	1,0,-1		100.0	1.0	Processed from IUPAC sources
pyruvic acid sodium salt	100.0	2.50	1,0,-1		100.0	1.0	Processed from IUPAC sources
quinic acid	100.0		0		100.0	1.0	Processed from IUPAC sources
quinoline	100.0		0		100.0	1.0	Processed from IUPAC sources
raffinose	100.0		0		100.0	1.0	Processed from IUPAC sources
resazurin	100.0		0		100.0	1.0	Processed from IUPAC sources
rhamnose	100.0		0		100.0	1.0	Processed from IUPAC sources
riboflavin	100.0		0		100.0	1.0	Processed from IUPAC sources
ribose	100.0		0		100.0	1.0	Processed from IUPAC sources
sea water	100.0		0	Na+:1,Cl-:-1	100.0	1.0	Processed from IUPAC sources
serine	100.0		0		100.0	1.0	Processed from IUPAC sources
sncl2	100.0		0		100.0	1.0	Processed from IUPAC sources
sodium acetate	82.03	4.76	-1,0	Na+:1,CH3COO-:-1	464.0	1.0	Sodium acetate
sodium ascorbate	100.0		0		100.0	1.0	Processed from IUPAC sources
sodium beta-glycerophosphate	100.0	2.15,7.20,12.35	1,0,-1,-2,-3		100.0	1.0	Processed from IUPAC sources
sodium bicarbonate	100.0	6.37,10.33	1,0,-1,-2		96.0	1.0	Processed from IUPAC sources
sodium carbonate	100.0	6.37,10.33	1,0,-1,-2		215.0	1.0	Processed from IUPAC sources
sodium chloride	58.44		0	Na+:1,Cl-:-1	360.0	1.0	Processed from IUPAC sources
sodium citrate	100.0		0		100.0	1.0	Processed from IUPAC sources
sodium ferulate	100.0		0		100.0	1.0	Processed from IUPAC sources
sodium formate	100.0		0		100.0	1.0	Processed from IUPAC sources
sodium gluconate	100.0		0		100.0	1.0	Processed from IUPAC sources
sodium glycerophosphate	100.0	2.15,7.20,12.35	1,0,-1,-2,-3		100.0	1.0	Processed from IUPAC sources
sodium lactate	100.0		0		100.0	1.0	Processed from IUPAC sources
sodium malate	100.0		0		100.0	1.0	Processed from IUPAC sources
sodium pyruvate	100.0		0		100.0	1.0	Processed from IUPAC sources
sodium resazurin	100.0		0		100.0	1.0	Processed from IUPAC sources
sodium succinate	100.0		0		100.0	1.0	Processed from IUPAC sources
sodium succinate dibasic	100.0		0		100.0	1.0	Processed from IUPAC sources
sodium sulfate	100.0		0		284.0	1.0	Processed from IUPAC sources
sodium tartrate	100.0		0		100.0	1.0	Processed from IUPAC sources
sodium thiosulphate	100.0		0		100.0	1.0	Processed from IUPAC sources
sodium_chloride	58.44		0	Na+:1,Cl-:-1	360.0	1.0	sodium chloride
sodium_formate	68.01	3.75	-1,0	Na+:1,HCOO-:-1	1280.0	1.0	Sodium formate
sodium_malate	156.07	3.40,5.20	-2,-1,0	Na+:1,Malate2-:-2,HMalate-:-1	800.0	1.0	Sodium malate
sodiumbenzoate	100.0		0		100.0	1.0	Processed from IUPAC sources
sorbitol	100.0		0		100.0	1.0	Processed from IUPAC sources
srcl2	100.0		0		100.0	1.0	Processed from IUPAC sources
streptomycin sulfate	100.0		0		300.0	1.0	Processed from IUPAC sources
succinate	100.0		0		100.0	1.0	Processed from IUPAC sources
succinic acid	100.0	4.21,5.64	1,0,-1,-2		100.0	1.0	Processed from IUPAC sources
sucrose	342.3		0		2000.0	1.0	Sucrose
sulfur	100.0	-3.00,1.90	1,0,-1,-2		100.0	1.0	Processed from IUPAC sources
sulfur powder	100.0		0		100.0	1.0	Processed from IUPAC sources
sulphur	100.0		0		100.0	1.0	Processed from IUPAC sources
syringic acid	100.0		0		100.0	1.0	Processed from IUPAC sources
taps sodium salt	100.0		0		100.0	1.0	Processed from IUPAC sources
tapso	100.0		0		100.0	1.0	Processed from IUPAC sources
tetrachloroethene	100.0		0		100.0	1.0	Processed from IUPAC sources
tetramethyl ammonium chloride	100.0		0		400.0	1.0	Processed from IUPAC sources
thiamin pyrophosphate	100.0	2.15,7.20,12.35	1,0,-1,-2,-3		100.0	1.0	Processed from IUPAC sources
thiamine	100.0		0		100.0	1.0	Processed from IUPAC sources
thiamine pyrophosphate	100.0	2.15,7.20,12.35	1,0,-1,-2,-3		100.0	1.0	Processed from IUPAC sources
thioctic acid	100.0		0		100.0	1.0	Processed from IUPAC sources
thiosulfate	100.0		0		300.0	1.0	Processed from IUPAC sources
threonine	100.0		0		100.0	1.0	Processed from IUPAC sources
thymidine	100.0		0		100.0	1.0	Processed from IUPAC sources
thymine	100.0		0		100.0	1.0	Processed from IUPAC sources
ticl3	100.0		0		100.0	1.0	Processed from IUPAC sources
trans-cinnamic acid	100.0		0		100.0	1.0	Processed from IUPAC sources
trehalose	100.0		0		100.0	1.0	Processed from IUPAC sources
trimethylammonium chloride	100.0		0		400.0	1.0	Processed from IUPAC sources
tris	121.14	8.07	0,1	Tris-H+:1	675.0	1.0	Tris(hydroxymethyl)aminomethane
tris(hydroxymethyl)methylamine	100.0	8.07	1,0,-1		100.0	1.0	Processed from IUPAC sources
tryptophan	100.0		0		100.0	1.0	Processed from IUPAC sources
tungstate	100.0		0		100.0	1.0	Processed from IUPAC sources
tyrosine	100.0		0		100.0	1.0	Processed from IUPAC sources
uracil	100.0		0		100.0	1.0	Processed from IUPAC sources
urea	100.0		0		100.0	1.0	Processed from IUPAC sources
uric acid	100.0	-3.00,1.90	1,0,-1,-2		100.0	1.0	Processed from IUPAC sources
valeric acid	100.0		0		100.0	1.0	Processed from IUPAC sources
valine	100.0		0		100.0	1.0	Processed from IUPAC sources
voso4	100.0		0		100.0	1.0	Processed from IUPAC sources
xylose	100.0		0		100.0	1.0	Processed from IUPAC sources
yeast_extract	150.0	6.5	-1,0	Phosphate-:-1	300.0	0.7	Yeast extract
zinc chloride	100.0		0		400.0	1.0	Processed from IUPAC sources
zinc sulfate	100.0		0		300.0	1.0	Processed from IUPAC sources
zncl2	136.3		0	Zn2+:2,Cl-:-1	4080.0	1.0	Zinc chloride
znso4	161.47		0	Zn2+:2,SO42-:-2	965.0	1.0	Zinc sulfate
ß-nicotinamide adenine dinucleotide	135.13		-1,0,1		112.2018	1.0	PubChem CID:190 - 7H-purin-6-amine
